"Z of Trace 1 (Ω)","Z of Trace 2 (Ω)"
85.50842284110351,87.80713205634983
