"Z of Trace 1 (Ω)","Z of Trace 2 (Ω)"
39.62567150112225,40.726093579193574
