"Z of Trace 1 (Ω)","Z of Trace 2 (Ω)"
85.49610420264298,87.82134168182897
